term,edf,F,p
s(days_from_start),1.0001996754976494,44.694886733301885,0
